matchId,participantId,puuid,riotIdGameTag,riotIdTagline,queueId,assists,champLevel,championId,championName,creepScore,creepScorePerMinute,damageDealthToBuildings,deaths,dragonKills,goldEarned,goldPerMinute,kda,kills,killParticipation,item0,item1,item2,item3,item4,item5,item6,neutralMinionsKilled,role,soloKills,teamId,teamPosition,totalDamageDealt,totalDamageTaken,totalMinionsKilled,visionScore,visionScorePerMinute,wardsKilled,wardsPlaced,win,teamBaronKills,teamElderDragonKills,teamRiftHeraldKills,voidMonsterKill,objectiveRate,xpDiffAt15,goldDiffAt15,csDiffAt15,damageShare,visionScoreShare,proximityToAdc,summoner1Id,summoner2Id,primaryPerkId,secondaryPerkStyleId
SG2_130910891,1,z5xUowQMrK1qzxBRn3SrY5T8AhAMUnWr76sR0p7rpE4PFd0BgCBfOZEs_VTs665pHPPyLw1sdO9CTg,"Nakamura Kazuha",LSFRM,420,0,12,904,Zaahen,110,6.73,2970,3,0,5820,355.96,1.00,3,50.00,2031,3078,1029,2021,1054,1001,3340,0,SUPPORT,1,100,TOP,48732,13937,110,15,0.917,1,6,L,0,0,0,0,0.00,NULL,NULL,NULL,497.41,NULL,NULL,4,14,8010,8400
SG2_130910891,2,VdF3eTKhOw-K559I4KMn-N2-A2uFOedkoIIBZC9-a-T7cAKXE_LTuvwyG56UeVZiXZTAbM9avL8XCw,GeForceRTX5090,24GB,420,4,11,234,Viego,126,7.71,0,1,0,6110,373.70,5.00,1,83.33,6672,3134,NULL,2422,NULL,1037,3364,111,SUPPORT,0,100,JUNGLE,133502,9502,15,23,1.407,2,6,L,0,0,0,0,0.00,NULL,NULL,NULL,267.09,NULL,NULL,4,11,8010,8300
SG2_130910891,3,YnBSlaJoJo2G9B7jXGN49ZujbelQXZMrZUfCvMT4aFupOH3_4aZyzPYCcJDDrzbaV0ZbhhXO_fhyIw,Mitsurin,Jg1,420,0,11,13,Ryze,153,9.36,917,2,0,6139,375.47,1.00,2,33.33,1056,3802,3070,6657,1001,3108,3340,0,DUO,0,100,MIDDLE,69677,9693,153,17,1.040,1,8,L,0,0,0,0,0.00,NULL,NULL,NULL,220.86,NULL,NULL,12,4,8230,8400
SG2_130910891,4,SgMNWDq7Lt1zX8bSJGstFqWWbpwV8MB8hewEbQbmoVXWr61Sg0x7LyeYusAw8wahE1fcr2K06m2L9w,harvs,21k,420,2,9,42,Corki,111,6.79,0,2,0,4731,289.36,1.00,0,33.33,1055,3044,3070,1001,3057,1036,3340,0,SUPPORT,0,100,BOTTOM,41571,6913,111,19,1.162,2,9,L,0,0,0,0,0.00,NULL,NULL,NULL,228.57,NULL,NULL,4,21,8010,8300
SG2_130910891,5,xCQKjPD7eJz2Ghdi2PDk_xU-5VtzNarNlax8EIKwPQYn5wGejJDy-kchQsu-MqHgStEzRsatU50GQA,Raychel,uwuuw,420,3,8,99,Lux,38,2.32,0,3,0,4008,245.14,1.00,0,50.00,3870,3070,6620,1001,2022,NULL,3364,2,SUPPORT,0,100,UTILITY,19771,7998,36,24,1.468,3,10,L,0,0,0,0,0.00,NULL,NULL,NULL,207.40,NULL,NULL,7,4,8214,8400
SG2_130910891,6,ei-frH8QUA2xjag2HWP-dcfrlaV7hy6Ow0Uc8NeFYXroOVKeHcpR7gDmu77UbdXP4Hnbn1Dx3PWI9A,Arima,Krim,420,2,12,41,Gangplank,146,8.93,4754,3,0,7800,477.06,1.33,2,36.36,1055,6676,2031,3508,3158,NULL,3363,0,SUPPORT,2,200,TOP,89304,11495,146,11,0.673,1,6,W,0,0,0,0,0.00,NULL,NULL,NULL,757.12,NULL,NULL,4,14,8369,8000
SG2_130910891,7,QN1rCpjNJ3cAlUirenH3bLaEMz40XYXb4rwX5N065n3uUNghLp9H8u16MHGJOFx6ls3ZEq43D33rHw,艾斯卡诺,0517i,420,2,11,107,Rengar,151,9.24,3150,1,2,7305,446.79,4.00,2,36.36,2422,6698,3035,1036,NULL,NULL,3364,144,SUPPORT,1,200,JUNGLE,171486,11250,7,13,0.795,2,5,W,0,0,0,0,0.00,NULL,NULL,NULL,391.98,NULL,NULL,11,4,8010,8300
SG2_130910891,8,g2WD4urF9ALK4Ytas95rudM09JcBZCFhcUdEUzf6i91hgyHk3kU6rAh4KVy2tOPBU9gb2bPv-Z_9KQ,SUNGJINWOO,4082,420,2,12,112,Viktor,152,9.30,3014,1,0,7415,453.52,4.00,2,36.36,NULL,3145,1056,6655,3175,NULL,3363,0,SUPPORT,1,200,MIDDLE,78347,3621,152,15,0.917,1,8,W,0,0,0,0,0.00,NULL,NULL,NULL,532.51,NULL,NULL,12,4,8369,8200
SG2_130910891,9,Zxd5FABKyBOnH_7JEAPB4MAbeWxrFTDRjq9edeoV_qjnXJzIrAZvCuTGNgSH6fNjy-hzcsVR5AmiLg,5star,prod,420,1,11,51,Caitlyn,164,10.03,12032,0,0,8141,497.92,4.00,3,36.36,1055,2523,1038,NULL,NULL,1037,3363,0,SUPPORT,0,200,BOTTOM,103730,3683,164,11,0.673,1,6,W,0,0,0,0,0.00,NULL,NULL,NULL,525.99,NULL,NULL,4,21,8021,8200
SG2_130910891,10,sxeBfavGhJ17BjR9yJBPArFyEymw88yTWKtlMKPpH9Vecs0wb82aSdh9RmeKwCvbSTkJUqmZZ3Y9Tw,sdgod77,4399,420,4,8,53,Blitzcrank,22,1.35,589,1,0,5298,324.04,6.00,2,54.55,3876,2524,NULL,NULL,3158,NULL,3364,0,SUPPORT,0,200,UTILITY,10900,7375,22,39,2.385,5,18,W,0,0,0,0,0.00,NULL,NULL,NULL,216.42,NULL,NULL,4,14,8351,8400
SG2_138477569,1,TB-1Qq8oJK8S6KB7HdHC4nuH3fXiRBolFXmjpegcMGgEAmQ39ny88h9HaOb5_Whru62dSTvUvjn_6Q,Warp,wow,420,3,20,24,Jax,302,8.04,26874,3,1,16897,449.79,3.67,8,37.93,3082,3078,3157,6610,3053,3047,3340,4,NONE,1,100,TOP,244953,45167,298,38,1.012,2,16,L,0,0,0,0,0.00,NULL,NULL,NULL,945.77,NULL,NULL,4,12,8437,8300
SG2_138477569,2,Zxd5FABKyBOnH_7JEAPB4MAbeWxrFTDRjq9edeoV_qjnXJzIrAZvCuTGNgSH6fNjy-hzcsVR5AmiLg,5star,prod,420,11,18,64,LeeSin,232,6.18,3633,8,1,16455,438.02,2.88,12,79.31,6698,6696,1038,3036,3814,3047,3340,209,NONE,3,100,JUNGLE,347304,36896,23,34,0.905,1,20,L,1,0,0,0,0.00,NULL,NULL,NULL,904.14,NULL,NULL,4,11,8128,8300
SG2_138477569,3,7Pv0SW1HWULENE_GWxDrjNTtFMEq2JZ7JunbyRiedMVUzsNDLqNki7x4ZL415jVWBcwV5blgdXqWrg,父亲点燃它420,saket,420,11,18,517,Sylas,248,6.60,7887,6,0,13204,351.48,2.33,3,48.28,3152,3157,3175,4630,1082,4645,3364,4,CARRY,0,100,MIDDLE,191784,35180,244,15,0.399,3,3,L,1,0,0,0,0.00,NULL,NULL,NULL,841.84,NULL,NULL,14,4,8112,8300
SG2_138477569,4,9nLgqf_5rX-Vv2qYsyLHNR2p-KhTekbXmMVfUDBA3bDBVwgw22rwTOdGlCz43j5ClZUdJMvtvabqEQ,Moons,VDD,420,10,16,45,Veigar,273,7.27,5266,7,0,14880,396.10,1.71,2,41.38,3089,6655,3143,4630,4646,NULL,3363,0,SOLO,0,100,BOTTOM,251778,25261,273,25,0.665,6,14,L,0,0,0,0,0.00,NULL,NULL,NULL,840.26,NULL,NULL,4,12,8369,8200
SG2_138477569,5,iP5EEVAXmGfx2lZHvbA5taeYXNoqfYWP6O9bgZ3GUhrNt1JTqdN84zFeb6S0ApMmT6to4OfplGOx_g,Sonaria,Sunny,420,18,15,412,Thresh,32,0.85,1400,9,0,11535,307.05,2.44,4,75.86,3876,3107,3109,3050,1057,3009,3364,0,SUPPORT,0,100,UTILITY,29820,36858,32,139,3.700,14,51,L,0,0,0,0,0.00,NULL,NULL,NULL,383.62,NULL,NULL,14,4,8351,8400
SG2_138477569,6,0U9TSVyhe_bhb1qncsiH-25zI1pXomIhksYzrD8pPvynctQugMkNCvWjC54IfvQRDjl3nzKt4SYAWQ,wohuazhanqinglai,66666,420,14,18,897,KSante,242,6.44,4087,4,0,13718,365.16,5.00,6,60.61,6662,6665,3111,3075,2502,NULL,3340,0,NONE,1,200,TOP,175667,49159,242,33,0.878,3,15,W,0,0,0,0,0.00,NULL,NULL,NULL,776.44,NULL,NULL,4,3,8439,8300
SG2_138477569,7,p1sqZlQm-IerMtfTsrXbU-Hj0CdgxgbLycIFQeowNY1-j3PeKmfea8QOzEnCu7-NsifY4tFnhxafqg,Cuzz,TTK1,420,10,18,234,Viego,268,7.13,3078,9,4,18503,492.54,2.56,13,69.70,6672,6676,3111,6673,3036,3026,3364,230,NONE,0,200,JUNGLE,401359,48276,38,44,1.171,4,9,W,1,0,0,0,0.00,NULL,NULL,NULL,936.66,NULL,NULL,4,11,8010,8300
SG2_138477569,8,Jlv0nqJliUd1R0ZBx_e3f67yBstfPexHjPwEkaDsCD1FL8W6kmniTwrZPa1REn8DcvRebw5ihb8SGg,exulansis,lol,420,20,18,61,Orianna,290,7.72,8043,2,0,15395,409.80,12.50,5,75.76,3137,6657,3041,3173,6653,3165,3363,1,DUO,0,200,MIDDLE,224537,27930,289,23,0.612,2,12,W,0,0,0,0,0.00,NULL,NULL,NULL,843.23,NULL,NULL,4,12,8229,8000
SG2_138477569,9,WX0VOYAxNecEIBI0JaS_vO66o6npay-1HX18j-BaG1dKmYlicfT4PVhhxwp7QuB5Sc26WpI8-0tauw,Teahhh,XYZ,420,9,18,804,Yunara,376,10.01,10392,6,0,22202,591.00,3.00,9,54.55,3036,6672,3139,3031,3156,2512,3363,32,DUO,2,200,BOTTOM,355800,31235,344,39,1.038,8,14,W,0,0,0,0,0.00,NULL,NULL,NULL,1120.94,NULL,NULL,4,21,8008,8300
SG2_138477569,10,XOhk4u-vtcq4O6UK-WUJltiU1IDmHkZNInCN1yWpz-yfv4SfGlM5bes-tAPqzBAiNYO-1pLw-CF7cg,"Baby g 2",771,420,24,16,902,Milio,28,0.75,952,8,0,10247,272.77,3.00,0,72.73,3870,6620,3158,6617,3504,3114,3364,0,SOLO,0,200,UTILITY,19524,22680,28,141,3.753,11,63,W,0,0,0,0,0.00,NULL,NULL,NULL,158.86,NULL,NULL,4,7,8465,8300
SG2_138486526,1,CDzatkCVn3el51pZ18k9QEI_RulMiiyTyggr2LlPZ6dTtNTlCJPrQhkbqRDULp5ksnGTLD4W26wRqg,"Mero Colistin",0000,420,4,18,122,Darius,246,7.15,13027,4,0,13669,397.35,2.75,7,33.33,6333,3161,3053,3111,3066,1031,3340,0,NONE,3,100,TOP,193379,38804,246,32,0.930,3,14,L,0,0,0,0,0.00,NULL,NULL,NULL,837.71,NULL,NULL,6,4,8010,8200
SG2_138486526,2,mqKu84ghmG_ubDQZnjPK-CxQwiEY4FGfpzwt1y5ReP0QGFreZVtlTQqa6WYBSgJWK1tjGP91pJGluw,Yumekocomelon,yang,420,8,18,517,Sylas,250,7.27,2288,8,1,14645,425.73,1.75,6,42.42,4633,3157,3152,4645,3158,1058,3364,191,NONE,3,100,JUNGLE,340115,51712,59,31,0.901,7,5,L,0,0,0,0,0.00,NULL,NULL,NULL,567.33,NULL,NULL,11,4,8010,8300
SG2_138486526,3,z0gyvGNGWjJQqHmElmt6YoXZIhEfx-_BvMwucsGjRIMtKxOHStSiIb1i_Go04rnJXEpH-mndR6tEdg,"pinoy kangkarot",ohyes,420,3,18,79,Gragas,243,7.06,19700,12,0,15706,456.57,0.92,8,33.33,3152,3040,3175,3089,3100,4630,3363,18,SOLO,6,100,MIDDLE,236668,42039,225,18,0.523,6,4,L,0,0,0,0,0.00,NULL,NULL,NULL,877.48,NULL,NULL,4,14,8112,8200
SG2_138486526,4,VLZHdDQ3YBBcl55CTo5ZPAeiPlgU96gs55YXlzx4KZWkSkSU9jKy039xiOi7H9iU10-2zJ54RW3M5w,Geewonii,lemon,420,6,16,145,Kaisa,292,8.49,9670,6,1,16547,481.02,2.33,8,42.42,3157,6672,3124,2510,1058,1058,3363,34,CARRY,1,100,BOTTOM,248563,29879,258,40,1.163,8,13,L,1,0,0,0,0.00,NULL,NULL,NULL,942.24,NULL,NULL,21,4,8008,8300
SG2_138486526,5,HEZnAT6856KHP-8AQq9nhXFDoAPr9XQHygSv1Jl1_QGND8Yyuxir7UcSqrhN8Ddm36uVheyGCpKA_w,ChewyTzu,2198,420,12,13,117,Lulu,20,0.58,0,9,0,10132,294.53,1.78,4,48.48,3870,3107,3504,6617,3158,2022,3364,0,SUPPORT,0,100,UTILITY,16777,29298,20,133,3.866,9,49,L,0,0,0,0,0.00,NULL,NULL,NULL,205.80,NULL,NULL,7,4,8465,8300
SG2_138486526,6,rQuXvp4PblZ6wTtSl26qF63SxllcjDEiirouZ37THF59luQ7rA3SXzcAjsC9rr7IfrK56HYjrP4iwg,TKuroko,SG2,420,7,19,14,Sion,242,7.03,2399,6,0,11289,328.17,1.33,1,21.05,2504,3065,3047,6660,3076,1057,3363,0,NONE,0,200,TOP,177869,40369,242,26,0.756,0,12,W,0,0,0,0,0.00,NULL,NULL,NULL,465.12,NULL,NULL,12,4,8437,8300
SG2_138486526,7,Zxd5FABKyBOnH_7JEAPB4MAbeWxrFTDRjq9edeoV_qjnXJzIrAZvCuTGNgSH6fNjy-hzcsVR5AmiLg,5star,prod,420,12,18,246,Qiyana,221,6.42,11519,6,2,19570,568.90,5.00,18,78.95,6698,6695,3158,6694,3814,3026,3364,165,NONE,3,200,JUNGLE,357404,29406,56,28,0.814,4,2,W,0,0,0,0,0.00,NULL,NULL,NULL,1292.49,NULL,NULL,4,11,8369,8100
SG2_138486526,8,tJkSqaaev25JlztJ7blYj7YTRvndgYiF1jn_mZzZQJLWzbPr-69-6MSN7ez91x67DlwR2l13P6YzpA,Taesho,ad1,420,15,18,61,Orianna,225,6.54,4389,7,0,13740,399.42,3.29,8,60.53,1058,4645,2503,1082,3175,3137,3363,0,SOLO,2,200,MIDDLE,180276,24995,225,28,0.814,4,12,W,0,0,0,0,0.00,NULL,NULL,NULL,939.79,NULL,NULL,12,4,8230,8400
SG2_138486526,9,xJO2OLzgR2aRxlHd4lkxaCSWGtgQcKs0M_ZeCHp6uMIeD748xCB8DkJYGGXtsukqqIvABA3FU7K4HA,"honk shoo",Shino,420,10,18,804,Yunara,318,9.24,12335,6,0,21261,618.05,3.50,11,55.26,6673,2512,3033,6672,3031,3072,3363,15,CARRY,2,200,BOTTOM,312692,26640,303,13,0.378,3,7,W,1,0,0,0,0.00,NULL,NULL,NULL,1339.00,NULL,NULL,21,4,8008,8300
SG2_138486526,10,aR-5jG_k_EGiIQ4gkD6wDfHMRqStSMheARZtBhHWcA83pAoFpW0U_hDBn0L8rCCXwSb3Ia7nqUcgUA,lowkeyy,0925,420,24,15,497,Rakan,22,0.64,292,8,0,9860,286.63,3.00,0,63.16,3190,3050,3869,3111,3114,3108,3364,0,SUPPORT,0,200,UTILITY,17203,30608,22,136,3.953,9,58,W,0,0,0,0,0.00,NULL,NULL,NULL,269.96,NULL,NULL,7,4,8360,8100
SG2_138964383,1,VSGtzen7FjIqEIMRvXoP29Y9yNDmKlj4lfcU1k_3ATIqxjyAQuwOWLhsNKkJW60A--FQ1GepdF7iPw,Gardix,Degen,420,2,18,82,Mordekaiser,233,6.34,3676,7,0,13504,367.29,1.43,8,28.57,3116,3047,4633,3075,3065,NULL,3340,0,DUO,1,100,TOP,196487,62082,233,24,0.653,2,9,L,0,0,0,0,0.00,NULL,NULL,NULL,1078.28,NULL,NULL,14,4,8010,8400
SG2_138964383,2,shlIr96NCxwLErLrncCVpg-_3A9x7e7Ix6fjCYFSQvQnnQf9wwJNj1enI0qR2oM3lhkfSWcwLz-n_Q,Shwene,4808,420,17,18,59,JarvanIV,195,5.30,0,7,3,15634,425.22,3.29,6,65.71,3071,6610,3076,3111,3161,3110,3340,162,NONE,1,100,JUNGLE,282581,51765,33,42,1.142,5,14,L,0,0,0,0,0.00,NULL,NULL,NULL,697.88,NULL,NULL,4,11,8010,8300
SG2_138964383,3,IBqplygnoBJ28kvztEzkJnFPNXAV9n24BaYvtm2tm4eiLf1aM66d1NfC3ZqV18L_USvY0VvVex-R6A,stupidcheesecat,MM1Y,420,6,18,84,Akali,208,5.66,2178,10,0,13772,374.58,1.70,11,48.57,3146,4646,4645,3135,NULL,3175,3364,0,DUO,3,100,MIDDLE,187974,49043,208,33,0.898,6,13,L,0,0,0,0,0.00,NULL,NULL,NULL,1130.44,NULL,NULL,14,4,8112,8200
SG2_138964383,4,pgZFOUVPhFlt73oCm_OFfOO7vRbTsdFTwGR9fX-rdcgW6WTVkKFPPNlU7LWc8lHNLOhXtQDJmEugaw,"Susuke Uchiha",BAKAA,420,6,18,202,Jhin,358,9.74,9285,6,0,20471,556.78,2.67,10,45.71,3142,3036,3139,3031,3094,3026,3363,3,CARRY,1,100,BOTTOM,367566,36046,355,29,0.789,3,10,L,0,0,0,0,0.00,NULL,NULL,NULL,1334.85,NULL,NULL,21,4,8021,8200
SG2_138964383,5,Rq-z60wefRQ9ftKbpCp56yWyZJZyInyhpuxkosi7Nez2gcNVeH8TR0pI-4G69augAc7Tgc9Of7gdKg,rainapprentice,rain,420,15,16,147,Seraphine,39,1.06,915,11,0,9912,269.59,1.36,0,42.86,6620,3158,2530,3165,NULL,3870,3364,0,SUPPORT,0,100,UTILITY,59814,38495,39,140,3.808,16,49,L,0,0,0,0,0.00,NULL,NULL,NULL,322.45,NULL,NULL,7,4,8214,8400
SG2_138964383,6,uyS4QZDdlf-JjEspyzTVknLzIKMIS_iqa2G0Gp6dQYPoKgGm2XqBq17KZ_LfikPRUeYP0NNLBemUFQ,"Hiromi Higuruma",time,420,12,20,799,Ambessa,295,8.02,17130,4,1,19558,531.95,6.25,13,60.98,6692,6333,3111,6694,3161,3156,3363,10,NONE,2,200,TOP,275468,46497,285,21,0.571,1,11,W,0,0,0,0,0.00,NULL,NULL,NULL,1670.93,NULL,NULL,12,4,8437,8300
SG2_138964383,7,Zxd5FABKyBOnH_7JEAPB4MAbeWxrFTDRjq9edeoV_qjnXJzIrAZvCuTGNgSH6fNjy-hzcsVR5AmiLg,5star,prod,420,11,18,62,MonkeyKing,233,6.34,5507,6,1,17700,481.41,4.17,14,60.98,3078,6610,3026,2019,3053,3111,3364,202,NONE,1,200,JUNGLE,310085,50491,31,39,1.061,9,5,W,2,0,0,0,0.00,NULL,NULL,NULL,978.65,NULL,NULL,4,11,8010,8300
SG2_138964383,8,TiK9kvo5mk4TQV-HygHxjO-g1mrhZ2nMPln5yBhJC00D7_PxNB914d9okArVsr8o1cgrIrncsem5Uw,soapPROPHET,7777,420,20,18,50,Swain,218,5.93,6489,11,1,14383,391.20,2.36,6,63.41,4633,1082,6653,3173,3118,3050,3340,4,SOLO,3,200,MIDDLE,214186,58084,214,26,0.707,1,14,W,0,0,0,0,0.00,NULL,NULL,NULL,1530.74,NULL,NULL,4,12,8214,8400
SG2_138964383,9,LhYGaQZt8CtHyJ6PSMwpWxguw1j3B8KWUttfk8iDL0Z1eCaK6-GfftVJJdi9pYiDAbuv6KCaKazQKQ,Sniped,1999,420,9,17,901,Smolder,302,8.21,3542,6,0,18511,503.47,2.67,7,39.02,3036,3026,2055,3031,3508,3094,3363,42,CARRY,0,200,BOTTOM,291660,32029,260,27,0.734,3,10,W,0,0,0,0,0.00,NULL,NULL,NULL,904.30,NULL,NULL,21,4,8021,8300
SG2_138964383,10,No1dtGTysH2uluLvXSXeqvq1SOOyCOuGrntkYvZt2uHfepofSI3v0aoAtzHSFLwjHxJ72VH-45Aavw,randomplayer1221,omg,420,21,16,267,Nami,35,0.95,467,8,0,10727,291.76,2.75,1,53.66,3869,3107,3157,4005,1052,3158,3364,0,SUPPORT,0,200,UTILITY,31282,26669,35,133,3.617,16,52,W,0,0,0,0,0.00,NULL,NULL,NULL,428.75,NULL,NULL,4,7,8214,8400
SG2_138974049,1,uyS4QZDdlf-JjEspyzTVknLzIKMIS_iqa2G0Gp6dQYPoKgGm2XqBq17KZ_LfikPRUeYP0NNLBemUFQ,"Hiromi Higuruma",time,420,10,18,516,Ornn,241,7.68,9773,3,0,13350,425.61,5.00,5,50.00,6665,3143,2525,3047,3068,NULL,3363,0,NONE,0,100,TOP,169012,37169,241,15,0.478,1,8,L,0,0,0,0,0.00,NULL,NULL,NULL,638.35,NULL,NULL,12,4,8437,8300
SG2_138974049,2,Zxd5FABKyBOnH_7JEAPB4MAbeWxrFTDRjq9edeoV_qjnXJzIrAZvCuTGNgSH6fNjy-hzcsVR5AmiLg,5star,prod,420,14,16,64,LeeSin,200,6.38,1911,6,1,13018,415.03,3.67,8,73.33,6698,6696,1028,3036,3134,3047,3340,157,NONE,1,100,JUNGLE,247172,32487,43,45,1.435,2,20,L,0,0,0,0,0.00,NULL,NULL,NULL,699.07,NULL,NULL,4,11,8112,8300
SG2_138974049,3,Z2UcVAewVieHhwlWSir9zGqWM6C0lkiaoWUEknilqgk7kkaQDcboOvMbVnfnfUTmUvrsOXrPNSk9Bg,3nchizen19,00100,420,8,16,8,Vladimir,215,6.85,3079,11,0,12114,386.21,1.36,7,50.00,3089,1082,3152,3171,4633,4630,3363,4,SOLO,2,100,MIDDLE,170476,50103,211,12,0.383,2,9,L,0,0,0,0,0.00,NULL,NULL,NULL,829.78,NULL,NULL,4,6,8214,8000
SG2_138974049,4,0vcqqDpMIZtiuosQ9ZY-wMbSZyBsJ3Pggw0IEH9U0yT6p7JgXLCRnq-JrdwyvVldEuJgTshfZNYMAA,evasion,0303,420,5,14,804,Yunara,201,6.41,3898,7,0,12928,412.16,1.29,4,30.00,1055,6672,2512,3031,3035,NULL,3363,0,CARRY,0,100,BOTTOM,125020,23378,201,15,0.478,1,8,L,0,0,0,0,0.00,NULL,NULL,NULL,629.85,NULL,NULL,21,4,8008,8300
SG2_138974049,5,PkaISbT1V2i98Sfk-EEn2d4PDA9Ooywh63XW4sj7VPzRfhsXqaRtpLTqEYXFjQQVUrKnjpVYUOeiyg,Ravonen11,11111,420,14,14,63,Brand,39,1.24,590,8,0,10125,322.79,2.50,6,66.67,3869,3116,3158,6653,4630,1026,3364,0,SUPPORT,1,100,UTILITY,52207,32284,39,110,3.507,11,45,L,0,0,0,0,0.00,NULL,NULL,NULL,650.69,NULL,NULL,4,3,8229,8300
SG2_138974049,6,P1L0fsLEes1XH6g1rDx18tlUREzEKdc1Ff1frmYqueN4TZAnqfDFhbvfagyneAua7DF-2NUNLD_7zg,"INSTAR DOG BUY",SG2,420,4,20,41,Gangplank,325,10.36,7924,2,0,19624,625.63,5.50,7,31.43,3508,3031,6673,3036,3161,3047,3363,8,NONE,1,200,TOP,381126,25942,317,29,0.925,3,13,W,0,0,0,0,0.00,NULL,NULL,NULL,1315.01,NULL,NULL,12,4,8369,8000
SG2_138974049,7,SOEzi-_hySpAGVRHD7_ebgi38XwjaWRQQeASL9SDbSU7Au1pRlduKJ_SeNt6aH14FtTRBdx4UQ6wHA,陌生人,SG2,420,8,17,203,Kindred,242,7.72,1429,7,3,14414,459.53,2.00,6,40.00,6676,3078,3006,3036,1018,1038,3364,214,NONE,1,200,JUNGLE,337625,30800,28,32,1.020,7,4,W,2,0,0,0,0.00,NULL,NULL,NULL,598.62,NULL,NULL,11,4,8005,8100
SG2_138974049,8,djdV3LNmRLAzQnLAxx3L7sf4PijD6HMufQ0q52Pyq0OeBObXVr03QmNcIls_F226dhIDlLYZJVweXA,"Muted Chat",IVoDI,420,9,15,910,Hwei,168,5.36,6320,9,0,11552,368.29,1.78,7,45.71,3165,4645,1052,NULL,3175,6655,3363,0,SOLO,2,200,MIDDLE,131698,28253,168,22,0.701,2,14,W,0,0,0,0,0.00,NULL,NULL,NULL,1045.64,NULL,NULL,12,4,8229,8300
SG2_138974049,9,FKtVN60x7NtlXF_WzAhkpiqi5Z35ADxyfJJbRwBGq5T_b6lqsn6u6yrDvGUYJm82ufR8A4GWtWE2Bw,带你去见我的初心,48392,420,9,18,51,Caitlyn,283,9.02,18151,4,0,20687,659.52,5.50,13,62.86,2523,3031,3036,3026,6676,3094,3363,8,CARRY,4,200,BOTTOM,264877,20174,275,35,1.116,9,10,W,0,0,0,0,0.00,NULL,NULL,NULL,1577.21,NULL,NULL,4,21,8008,8300
SG2_138974049,10,Pimc1X_jRK6mE7j2FjVrCDSOKZxnlJYDey6FeLoXyn2cbPDhTc3SO54pdh3-Isj2_bQ2f6QkkD0IYQ,水母漂流者,james,420,19,14,412,Thresh,32,1.02,2881,8,1,10769,343.33,2.63,2,60.00,3869,3190,3107,3158,2525,1028,3364,4,SUPPORT,0,200,UTILITY,25556,29500,28,100,3.188,6,39,W,0,0,0,0,0.00,NULL,NULL,NULL,303.87,NULL,NULL,3,4,8439,8000
SG2_139237101,1,I0djZ9aexojTQI4075UMfkpmyKdURb9RnMWrW4QtoiZRplLW9kPum89jrfHhaINpfp4fitGyQYrNXQ,Haimehen,41yk,420,3,16,67,Vayne,179,6.60,7151,5,0,12450,458.85,2.80,11,37.84,1055,3006,3153,3078,3073,3086,3363,8,NONE,3,100,TOP,129557,24212,171,19,0.700,2,9,W,1,0,0,0,0.00,NULL,NULL,NULL,1356.85,NULL,NULL,6,4,8008,8400
SG2_139237101,2,qKjJfXF4lWy3nTyzM7_ElX_eLspmgdC3C3Bxmdk4QoOsJaw9w4JhVDOgrl_kYhVb1Z6Tzltqij887Q,"Kin Beer Bor Yen",007x,420,18,16,75,Nasus,204,7.52,10344,4,2,14587,537.60,6.25,7,67.57,3110,3078,3158,3065,3075,NULL,3364,164,NONE,2,100,JUNGLE,287408,43012,40,21,0.774,6,3,W,0,0,0,0,0.00,NULL,NULL,NULL,1001.91,NULL,NULL,6,11,8021,8300
SG2_139237101,3,ZRwybFPofWCbqaa1rvYrlQKdmfA7e3Cyklkwt2RraVwe_D7AB1V5jUyqGff-V6jkeYweiC4mPmOMkQ,SugarlosS,T1Fan,420,8,16,517,Sylas,170,6.27,8336,7,0,11690,430.84,2.14,7,40.54,6657,2420,4633,3175,2055,NULL,3363,4,SOLO,2,100,MIDDLE,123706,27427,166,18,0.663,1,16,W,0,0,0,0,0.00,NULL,NULL,NULL,452.66,NULL,NULL,4,12,8010,8100
SG2_139237101,4,P76eUPApgNlThHVSrLZQbd5AMWUcz2z9Xo0kAQvE3Ucs_W1rZnh947_CwickI8WHuVJ2Y3J1PfQEUw,LookinForGF,Help,420,12,15,22,Ashe,234,8.62,13720,5,0,14526,535.36,4.20,9,56.76,1055,6672,3046,3033,1038,NULL,3363,0,CARRY,0,100,BOTTOM,184641,16937,234,15,0.553,2,7,W,0,0,0,0,0.00,NULL,NULL,NULL,1256.80,NULL,NULL,21,4,8008,8300
SG2_139237101,5,lceRaGScXePVPGypqxnp4VZ7cWxY4GMxGhLYW7YpCn2Fv7IfP0cbn5Suk8mmEVYhD2wB-A4bcNKO6g,AngelGeorgie,3333,420,24,13,25,Morgana,31,1.14,680,9,0,9891,364.53,3.00,3,72.97,3158,3876,2420,3070,2524,3116,3364,2,SUPPORT,0,100,UTILITY,31168,29089,29,100,3.686,12,41,W,0,0,0,0,0.00,NULL,NULL,NULL,426.11,NULL,NULL,4,7,8351,8400
SG2_139237101,6,appyRIXmxYg3HdYKEwsk5b3gHQm26J086fiOpVzzW63BTVArSuE0ypZwc1sIOYaq0I0403aH-s2_WA,xinsuixiaogou,9191,420,7,15,36,DrMundo,156,5.75,8898,7,0,8912,328.45,1.14,1,26.67,1054,3083,3084,3047,1028,NULL,3364,6,SOLO,1,200,TOP,109333,43481,150,13,0.479,2,5,L,0,0,0,0,0.00,NULL,NULL,NULL,526.72,NULL,NULL,12,6,8437,8300
SG2_139237101,7,Zxd5FABKyBOnH_7JEAPB4MAbeWxrFTDRjq9edeoV_qjnXJzIrAZvCuTGNgSH6fNjy-hzcsVR5AmiLg,5star,prod,420,16,15,59,JarvanIV,186,6.86,1346,7,1,12815,472.30,3.57,9,83.33,6698,6610,3044,3111,1037,3065,3364,151,NONE,2,200,JUNGLE,237201,34681,35,26,0.958,1,6,L,0,0,0,0,0.00,NULL,NULL,NULL,744.38,NULL,NULL,4,11,8010,8300
SG2_139237101,8,W5OyslHF8rV3OQoJJxRfCFdlSHE9GxknmDy_ykzSKeNAE-Kmw8LIxveTRPrd3rE56mmZ1sVoMVM5Vw,Avenoir,Sieg,420,11,15,163,Taliyah,211,7.78,6747,8,0,12580,463.64,2.50,9,66.67,2421,6655,3040,3173,6653,NULL,3363,8,SOLO,2,200,MIDDLE,158836,19135,203,21,0.774,1,9,L,0,0,0,0,0.00,NULL,NULL,NULL,976.00,NULL,NULL,4,12,8230,8000
SG2_139237101,9,h2Jo0qW_dc6P7FDqLQmeZqMLnVCCgZO1nffadMGz9lqHgHF1lTsPm8TQn6YrNLWHKZaE145DrnEWQA,"gambare gambare",suna,420,11,14,222,Jinx,210,7.74,7146,8,1,14439,532.15,2.75,11,73.33,2523,3046,3031,3033,1053,NULL,3363,4,CARRY,1,200,BOTTOM,168668,23615,206,15,0.553,2,7,L,0,0,0,0,0.00,NULL,NULL,NULL,1497.42,NULL,NULL,1,4,8008,8300
SG2_139237101,10,4ss_qih90JRb8OhZzZZF9kOoJPXSN4iOOcQVzweGQIBz1oXcdiIrJ9FWMgrL2bch8Lo8PB4t23tZig,"TUMBLE JABOL",KNGDM,420,21,12,902,Milio,21,0.77,532,7,0,7319,269.74,3.00,0,70.00,2530,6617,3870,3158,3114,NULL,3364,0,SUPPORT,0,200,UTILITY,14666,16620,21,104,3.833,10,40,L,0,0,0,0,0.00,NULL,NULL,NULL,162.96,NULL,NULL,7,4,8214,8400
SG2_139240806,1,I0djZ9aexojTQI4075UMfkpmyKdURb9RnMWrW4QtoiZRplLW9kPum89jrfHhaINpfp4fitGyQYrNXQ,Haimehen,41yk,420,4,15,238,Zed,159,6.42,3775,6,0,9962,402.51,1.67,6,58.82,1055,6692,3158,3161,3035,1036,3340,0,SOLO,3,100,TOP,111396,18724,159,12,0.485,0,7,L,0,0,0,0,0.00,NULL,NULL,NULL,713.38,NULL,NULL,14,4,8010,8200
SG2_139240806,2,qKjJfXF4lWy3nTyzM7_ElX_eLspmgdC3C3Bxmdk4QoOsJaw9w4JhVDOgrl_kYhVb1Z6Tzltqij887Q,"Kin Beer Bor Yen",007x,420,4,12,75,Nasus,120,4.85,0,11,0,8076,326.30,0.55,2,35.29,3110,3158,3078,NULL,NULL,NULL,3364,79,NONE,0,100,JUNGLE,141851,32672,41,16,0.646,2,2,L,0,0,0,0,0.00,NULL,NULL,NULL,337.69,NULL,NULL,6,11,8230,8300
SG2_139240806,3,SIbQPGHRnvcxzakytEIAPCAfVHCUcx7Q_KZw3zDo_nhvTNJSNVtma84BIQYN8FI2IZxcKFUtBc6POg,菲猴子,98K,420,3,13,134,Syndra,148,5.98,0,11,0,8289,334.91,0.45,2,29.41,6655,3175,NULL,1056,4645,NULL,3340,0,SOLO,0,100,MIDDLE,106502,18263,148,10,0.404,2,4,L,0,0,0,0,0.00,NULL,NULL,NULL,832.05,NULL,NULL,12,4,8369,8200
SG2_139240806,4,qBhyAhuw_NLtQFmyoLyJvY1ZjOWrIRq5orpbVZZWbCJWW2Q80N9V6oIBtS-ssHkA80tvmFuiXe-KaQ,arangsia,6969,420,5,12,222,Jinx,148,5.98,1781,10,0,10366,418.83,1.10,6,64.71,1055,2523,6672,3123,3035,1018,3363,0,CARRY,0,100,BOTTOM,80325,19372,148,14,0.566,2,7,L,0,0,0,0,0.00,NULL,NULL,NULL,715.76,NULL,NULL,6,4,8008,8200
SG2_139240806,5,QarsGQNxjSoKp0Pjj7G20gBPm5Hpuk0C-HKklGojee_RSOqrr6sUiXeXAiAlWrjx7C7LkoBmMRTsxQ,Fractinite,SG2,420,9,11,147,Seraphine,20,0.81,40,6,0,6794,274.51,1.67,1,58.82,3070,4642,3222,3870,2022,3158,3364,0,SUPPORT,0,100,UTILITY,18194,14248,20,58,2.343,9,25,L,0,0,0,0,0.00,NULL,NULL,NULL,353.06,NULL,NULL,4,7,8214,8400
SG2_139240806,6,5Ly8SmuG7o2BxuBC2hjC1zKNSs86tWFb4ztflak144Kp37K9GlJmB3Iu34kBaxXx2k3PS6eY5Zg0xA,Spear,4869,420,4,16,82,Mordekaiser,178,7.19,11755,5,0,11842,478.46,2.20,7,25.00,1054,3152,3073,2510,3147,3047,3340,1,CARRY,4,200,TOP,128242,27736,177,14,0.566,0,6,W,0,0,0,0,0.00,NULL,NULL,NULL,736.00,NULL,NULL,14,4,8010,8400
SG2_139240806,7,Zxd5FABKyBOnH_7JEAPB4MAbeWxrFTDRjq9edeoV_qjnXJzIrAZvCuTGNgSH6fNjy-hzcsVR5AmiLg,5star,prod,420,8,16,64,LeeSin,200,8.08,851,3,4,12636,510.55,6.00,10,40.91,6698,6696,3134,3111,3036,1028,3340,190,NONE,0,200,JUNGLE,252180,21797,10,28,1.131,2,16,W,1,0,0,0,0.00,NULL,NULL,NULL,698.80,NULL,NULL,4,11,8128,8300
SG2_139240806,8,wlYI1C0qiGhWUZaomDWliEyOykO7HmsMeeu7xXnhObLDnRjz_Nyhss_bb9YTtai2yOlGbO9ADUPgvQ,"Mr Vampire",BiteU,420,7,16,23,Tryndamere,252,10.18,12876,1,0,13980,564.85,19.00,12,43.18,1055,6698,3172,6676,3031,6694,3364,35,SOLO,6,200,MIDDLE,229301,26372,217,21,0.848,4,4,W,0,0,0,0,0.00,NULL,NULL,NULL,805.13,NULL,NULL,14,4,9923,8000
SG2_139240806,9,ImqPziLtVW8B4YPHP122fH5d11-6h2QnoCatnuJO7zzSouKcW1JSdqTKmdySR8k98fQIySKM0s9MHQ,xixauxas,tt29,420,10,15,29,Twitch,158,6.38,13002,5,0,14118,570.42,4.20,11,47.73,1055,1083,3032,2512,1037,1038,3363,0,SOLO,3,200,BOTTOM,106669,17082,158,8,0.323,1,7,W,0,0,0,0,0.00,NULL,NULL,NULL,1016.17,NULL,NULL,4,21,8008,8200
SG2_139240806,10,TG-EslV5u8C1iYU7AXCDtFIQsLstmIBD2TJCW9TKqabmzeWmkOLIheoInTdfQl7X48MLINHeF3ImnA,Audentes,FATE,420,14,11,89,Leona,25,1.01,621,5,0,8154,329.45,3.60,4,40.91,2524,3190,3877,3047,NULL,NULL,3364,0,SUPPORT,0,200,UTILITY,16107,17769,25,62,2.505,7,22,W,0,0,0,0,0.00,NULL,NULL,NULL,296.38,NULL,NULL,4,14,8439,8300
SG2_139249893,1,MbvtR6bkFSUNsO59ZsfKH6ozRp2EvAmSTOkvPVpOu0QkE0pjDD8bQE3xzcEsNSjdfjAlk2REpNMMHg,ĐEAD,404,420,2,19,6,Urgot,252,7.73,15225,5,0,16607,509.68,2.60,11,34.21,3814,3142,6696,6694,3009,3133,3363,10,NONE,2,100,TOP,201034,20556,242,28,0.859,3,11,W,1,0,0,0,0.00,NULL,NULL,NULL,873.83,NULL,NULL,4,6,8005,8300
SG2_139249893,2,ZibBKZfc8VaymBliYmfWCW3ExfoHRsRvZqUaNs2R7xJSTWYuDTASegIMUe9aDxJpd6R9_h7zUPDl4Q,Zickal,Nekzo,420,16,18,9,FiddleSticks,245,7.52,1019,3,3,15233,467.51,7.00,5,55.26,3110,3152,3157,3020,8020,NULL,3330,197,NONE,1,100,JUNGLE,332659,34471,48,74,2.271,4,1,W,1,0,0,0,0.00,NULL,NULL,NULL,795.94,NULL,NULL,4,11,8369,8100
SG2_139249893,3,BnN7eYi6lxZzpv2EBVkdrClKe8HpL-QMsMiQnZ2mmHTvdKNmusbHEbcskHlU34LnvDcDpYqPqQ0zsg,"Vex Sotto",jabol,420,5,17,711,Vex,224,6.87,6541,8,0,14030,430.59,1.88,10,39.47,1052,3041,6655,3175,4645,3157,3363,2,SOLO,4,100,MIDDLE,174165,24212,222,38,1.166,6,13,W,0,0,0,0,0.00,NULL,NULL,NULL,933.33,NULL,NULL,4,14,8112,8200
SG2_139249893,4,VLZHdDQ3YBBcl55CTo5ZPAeiPlgU96gs55YXlzx4KZWkSkSU9jKy039xiOi7H9iU10-2zJ54RW3M5w,Geewonii,lemon,420,11,17,110,Varus,277,8.50,14967,7,0,18117,556.02,3.14,11,57.89,3143,6672,3124,3302,3091,NULL,3363,12,CARRY,0,100,BOTTOM,227877,25721,265,41,1.258,9,12,W,0,0,0,0,0.00,NULL,NULL,NULL,857.62,NULL,NULL,21,4,8008,8300
SG2_139249893,5,q7_suobOFd7dDHsVCutgMAcpr0lykT1pxhpeoBJ8r8a150Qa5wmnP9bUrSGqwHE46XFS46DJ48WHjg,madmax,wwwww,420,27,16,117,Lulu,44,1.35,2001,4,0,11257,345.48,7.00,1,73.68,3870,3222,3158,3504,6617,3114,3364,0,SUPPORT,0,100,UTILITY,25837,16602,44,118,3.621,17,37,W,0,0,0,0,0.00,NULL,NULL,NULL,159.34,NULL,NULL,4,7,8214,8400
SG2_139249893,6,I0djZ9aexojTQI4075UMfkpmyKdURb9RnMWrW4QtoiZRplLW9kPum89jrfHhaINpfp4fitGyQYrNXQ,Haimehen,41yk,420,4,17,84,Akali,237,7.27,6131,8,0,12249,375.93,1.00,4,29.63,3146,2421,1056,4645,3020,1058,3363,0,NONE,3,200,TOP,177130,29572,237,32,0.982,2,12,L,0,0,0,0,0.00,NULL,NULL,NULL,561.72,NULL,NULL,14,4,8112,8200
SG2_139249893,7,Zxd5FABKyBOnH_7JEAPB4MAbeWxrFTDRjq9edeoV_qjnXJzIrAZvCuTGNgSH6fNjy-hzcsVR5AmiLg,5star,prod,420,7,17,799,Ambessa,244,7.49,0,9,1,14500,445.01,1.44,6,48.15,6698,6695,3155,2019,3161,3111,3364,203,NONE,1,200,JUNGLE,313153,37009,41,20,0.614,3,5,L,0,0,0,0,0.00,NULL,NULL,NULL,636.76,NULL,NULL,4,11,8010,8300
SG2_139249893,8,Lj8iLff4U6vEy81EyF8UF46Ip7yEcfHwF_sgpE-6Bh4zA-dxdHWkJUjr5UzEvg48f6UNlJ-kri4oJw,CoinFlip,Ting,420,4,18,157,Yasuo,284,8.72,12302,8,1,16111,494.46,1.63,9,48.15,6673,6672,3172,3031,6333,3211,3340,4,SOLO,5,200,MIDDLE,247891,32848,280,25,0.767,2,13,L,0,0,0,0,0.00,NULL,NULL,NULL,714.94,NULL,NULL,14,4,8008,8400
SG2_139249893,9,jRzaDlEzM5aI0Uj--zZ8X6JA267xo1hDWi2KHebwklm4vkEkMJVhcOXASR68VeWwfw8utKJ3VNAacA,복숭아,카이사,420,4,16,145,Kaisa,237,7.27,12531,7,0,16475,505.63,1.71,8,44.44,NULL,3157,6672,3115,1055,3124,3363,4,CARRY,0,200,BOTTOM,175309,24365,233,47,1.442,8,19,L,0,0,0,0,0.00,NULL,NULL,NULL,680.73,NULL,NULL,21,4,8008,8300
SG2_139249893,10,paAVU7h6-qhbDeo2yaTnoKyzEVA5kDPUF3mvSp7-4yPXpjFS9h0DTZVqr5yu9Oj7ZTZRsRrmytxFCQ,bixby,136,420,9,14,37,Sona,40,1.23,563,7,0,8414,258.23,1.29,0,33.33,3877,3222,6620,3158,3070,3114,3364,0,SUPPORT,0,200,UTILITY,29264,22012,40,105,3.223,5,60,L,0,0,0,0,0.00,NULL,NULL,NULL,232.20,NULL,NULL,4,7,8214,8000
SG2_139258372,1,pv0d3LXny_mcOYeIdlATj1cHP7i03_UUrJWAhv7Hq8fGRyQPlgZ-Pu0poxr-Ijzgj2ZziLKzt80Y_g,Phatsakorn,bsz,420,3,17,122,Darius,253,7.60,5554,18,0,11825,355.28,0.33,3,20.00,1055,6631,3053,3742,1028,3111,3340,11,NONE,2,100,TOP,184165,53974,242,31,0.931,3,12,L,0,0,0,0,0.00,NULL,NULL,NULL,710.06,NULL,NULL,4,14,8010,8200
SG2_139258372,2,kE195VJzz_G9Wfstof3oE5muMmtE7IKt5SgU6tCLwWYv4Eaul-Qf_pBsorIAw6wjlej0S_Om9aEuxg,สายตรวจSinglemom,ตามหา,420,7,18,11,MasterYi,238,7.15,626,6,2,17312,520.14,3.50,14,70.00,3124,3153,3111,6672,6333,3302,3364,197,NONE,1,100,JUNGLE,317221,29761,41,31,0.931,7,3,L,0,0,0,0,0.00,NULL,NULL,NULL,822.40,NULL,NULL,4,11,8008,8300
SG2_139258372,3,pWzWtc9zvWqZXHeOmvTOI9PGs1hh7ocxs-UZbMCk_AhNeV6bnk5m88akuAqBLc3aXFMLL2eW3odTKQ,Hvitserk,2303,420,14,18,13,Ryze,269,8.08,7262,6,0,14446,434.03,3.17,5,63.33,2420,6657,2522,3171,3110,3040,3363,20,SOLO,1,100,MIDDLE,278007,41633,249,11,0.330,0,9,L,0,0,0,0,0.00,NULL,NULL,NULL,1597.38,NULL,NULL,4,6,8230,8300
SG2_139258372,4,dMge9d4f2mbSFvM3vbNkxBjZL-bPHDxYC-FZ0ftOvR-jnOrh12l2OuXmIwYFu2uNiG1XeKBq1hg1BQ,Fr1d4yR41n,FDR,420,6,17,145,Kaisa,289,8.68,10984,8,0,17400,522.78,1.50,6,40.00,1037,3302,6672,3124,3072,1053,3363,8,CARRY,1,100,BOTTOM,216323,25744,281,20,0.601,6,9,L,1,0,0,0,0.00,NULL,NULL,NULL,753.22,NULL,NULL,21,4,8008,8300
SG2_139258372,5,ufhGoRaZm9KZbopo5O2VUPaM1PKaattm2auJV-9uP4BYX-v0rqRyuDQnNjtgN1TjxzJiwVGEEIKy-A,KLBlowBlowWater,MYR,420,17,15,432,Bard,56,1.68,34,9,0,11944,358.86,2.11,2,63.33,3107,3009,3869,6653,3742,NULL,3364,0,SUPPORT,1,100,UTILITY,38174,33389,56,157,4.717,27,54,L,0,0,0,0,0.00,NULL,NULL,NULL,573.09,NULL,NULL,4,14,8112,8300
SG2_139258372,6,DYGR1p8Wn7CsDvWr8LQZwWr4r5sP1fdbU5EURpzKTqSEC6zJmGu4G23CGgG5MYsaM8bNma-9zIR7-Q,"PKR ChoMekko",RISE,420,13,19,31,Chogath,214,6.43,7806,4,2,15038,451.82,6.75,14,57.45,3075,2504,4633,3110,3047,1057,3363,8,SOLO,5,200,TOP,194382,39729,206,30,0.901,2,15,W,0,0,0,0,0.00,NULL,NULL,NULL,989.90,NULL,NULL,12,4,9923,8200
SG2_139258372,7,Zxd5FABKyBOnH_7JEAPB4MAbeWxrFTDRjq9edeoV_qjnXJzIrAZvCuTGNgSH6fNjy-hzcsVR5AmiLg,5star,prod,420,10,18,62,MonkeyKing,243,7.30,6076,7,1,16435,493.79,3.00,11,44.68,6610,3078,3053,3047,6333,1036,3364,198,NONE,2,200,JUNGLE,343108,42288,45,30,0.901,3,5,W,1,0,0,0,0.00,NULL,NULL,NULL,835.45,NULL,NULL,4,11,8010,8300
SG2_139258372,8,k60sJwkqBsl8hjpxVoQH5s8DUcCHafQzeCg3nh5qMGhBGxxG5ZHw6ma8XYsKloDRyGQDvKjZQ5Kc5w,PenguinCanbeMad,TOO,420,11,18,8,Vladimir,275,8.26,2404,6,0,16155,485.38,3.67,11,46.81,3152,3135,3171,1082,3089,4633,3363,8,SOLO,4,200,MIDDLE,263224,54229,267,9,0.270,2,5,W,0,0,0,0,0.00,NULL,NULL,NULL,1444.82,NULL,NULL,6,4,8214,8000
SG2_139258372,9,dvT4eoYlEPWV5273FQalo3e7up4NHN5aE2IA7FJulTpiMJjnQNL2STE4MA0jfGvGoq9sxzuaBnlXGA,Faytz,SG2,420,11,17,236,Lucian,264,7.93,13961,6,0,17096,513.65,3.17,8,40.43,6675,3508,1036,3036,1036,3031,3363,0,CARRY,0,200,BOTTOM,220131,24451,264,24,0.721,4,13,W,0,0,0,0,0.00,NULL,NULL,NULL,983.04,NULL,NULL,21,4,8005,8300
SG2_139258372,10,dcWphW3jdQTvKyIOhRPZ-6M_FqqhHb3T4yrOHYEytzJa-yY_ZJWtPivKIMj6boSLfbWOmO506xcFpw,"not good enough",idk,420,21,15,267,Nami,27,0.81,3856,7,0,10397,312.38,3.43,3,51.06,3870,3107,2065,4005,3158,3108,3364,0,SUPPORT,1,200,UTILITY,30470,21981,27,103,3.095,8,49,W,0,0,0,0,0.00,NULL,NULL,NULL,360.31,NULL,NULL,7,4,8214,8300
SG2_139840333,1,wmVw1B2N08QA4q2UZiV9vpnALTdZXOSLJV5ma4Hrg7JmHu2bUsKFUBUfiPlBz1FGmQVGooTPwZLX5Q,Garrido,SG2,420,5,19,92,Riven,335,8.39,13940,4,0,16939,424.18,2.25,4,34.62,3111,3074,6333,3026,3071,3133,3340,26,NONE,0,100,TOP,284959,44824,309,55,1.377,8,18,L,0,0,0,0,0.00,NULL,NULL,NULL,517.77,NULL,NULL,4,12,8010,8300
SG2_139840333,2,Zxd5FABKyBOnH_7JEAPB4MAbeWxrFTDRjq9edeoV_qjnXJzIrAZvCuTGNgSH6fNjy-hzcsVR5AmiLg,5star,prod,420,14,17,62,MonkeyKing,253,6.34,5809,6,3,15857,397.09,2.83,3,65.38,6610,3078,3071,3111,3053,2019,3364,208,NONE,1,100,JUNGLE,340067,58518,45,34,0.851,3,9,L,1,0,0,0,0.00,NULL,NULL,NULL,743.71,NULL,NULL,4,11,8010,8300
SG2_139840333,3,X1b8FEEuOjYzTB-Mi-9PdiCeBFC-yALDMLR5ZpaVF5mNfnsImygIgT2Mzs8WHiojdrNIN9gLluMLmQ,Cruzahr,8498,420,15,16,267,Nami,103,2.58,2442,5,0,10018,250.87,3.40,2,65.38,3145,6655,3175,1056,4646,1058,3363,0,SOLO,0,100,MIDDLE,73048,23059,103,19,0.476,1,9,L,0,0,0,0,0.00,NULL,NULL,NULL,416.58,NULL,NULL,4,7,8214,8400
SG2_139840333,4,9fXv6AoylWk4DShXV2TqpvVcf2862S0owXOvi4DDxz2x5JZeX83sNWv1vAhJpGnEofO4XWwj1Wgpwg,Ascend,8888,420,9,17,202,Jhin,346,8.66,9940,4,0,20636,516.76,5.75,14,88.46,1038,3036,3026,3097,3031,3094,3363,4,CARRY,0,100,BOTTOM,332995,27011,342,55,1.377,12,14,L,0,0,0,0,0.00,NULL,NULL,NULL,1055.52,NULL,NULL,4,3,8021,8200
SG2_139840333,5,sWH3Flx2nsxcOOm2LI0lXOhbLf62FlgWXAYnG2FdrjLuM2duYbY2Knwp-gYjxRqTveaCNwcMjKTSHw,lacy,cutie,420,20,15,37,Sona,47,1.18,1480,6,0,11964,299.60,3.83,3,88.46,3870,3107,2530,3158,6617,6620,3364,0,SUPPORT,0,100,UTILITY,39424,32273,47,120,3.005,14,44,L,0,0,0,0,0.00,NULL,NULL,NULL,336.70,NULL,NULL,4,7,8214,8400
SG2_139840333,6,nIHHb4kd3zuzI2G5YQMO1vM01mHMwqmgjUPJ7KpO89fqyId3sbLDy596WID9LPKll-cBVESy0mqVmw,RuthlessAtreus,143,420,11,19,54,Malphite,286,7.16,11894,3,1,15840,396.66,5.33,5,64.00,3082,3068,3143,3047,3075,6662,3363,18,NONE,1,200,TOP,232002,33957,268,36,0.902,5,13,W,1,0,0,0,0.00,NULL,NULL,NULL,718.29,NULL,NULL,12,4,8437,8000
SG2_139840333,7,hG6oWxeY9mQKtOWLXwpZvClVaItpBqM3v8Aa-_HyuwFmdST7_T3FUZBeForCUP747A4VoFmw6BDX9w,corynebact,erium,420,7,18,11,MasterYi,302,7.56,633,9,2,18366,459.92,1.78,9,64.00,6672,3124,3153,3073,3006,6333,3364,230,NONE,0,200,JUNGLE,428282,43549,72,54,1.352,14,8,W,0,0,0,0,0.00,NULL,NULL,NULL,786.16,NULL,NULL,11,4,8008,8100
SG2_139840333,8,jFDk_0gKhueGiK4pUyCPYsA9UcOfo-GsmLMiM5r-8ZvZlSKEDIVA3QoQC7HA5I71xfBN6kj9YPXiMw,Nasir,0808,420,9,18,103,Ahri,295,7.39,12937,2,0,17770,444.99,9.50,10,76.00,3089,3041,3118,3157,4645,3175,3363,12,SOLO,0,200,MIDDLE,273872,30202,283,36,0.902,3,20,W,1,0,0,0,0.00,NULL,NULL,NULL,1180.36,NULL,NULL,4,12,8112,8200
SG2_139840333,9,lI2BKfQ2fwr3ZESXi02RANCeebx1e6YwUKIpcVZtAcl3t9-Lm1fmg4LIkz9sdAg7oyp5AEW_x15fjQ,Biosphere,jms,420,21,18,235,Senna,279,6.99,3675,5,1,16683,417.77,4.20,0,84.00,3094,3031,6670,3087,3071,NULL,3363,4,CARRY,0,200,BOTTOM,222767,21948,275,26,0.651,1,15,W,0,0,0,0,0.00,NULL,NULL,NULL,645.60,NULL,NULL,21,4,8021,8200
SG2_139840333,10,-7QwiyH9oLrKB28wdssGpLcYvKsQ2GeCv8hgIWb023qFxHBrDZKgExQZG8B2pGI-AmQXWqlZsZlJ8g,"LORD OMFG",MOFU,420,17,16,147,Seraphine,47,1.18,1994,7,0,11547,289.16,2.57,1,72.00,3876,6620,2530,3158,3116,3916,3364,0,SUPPORT,0,200,UTILITY,59696,27800,47,125,3.130,7,58,W,0,0,0,0,0.00,NULL,NULL,NULL,378.35,NULL,NULL,4,7,8369,8200
SG2_139851287,1,xhZIHRJCqhWM8BMZTPA4kHPu9LpH__fU6iiN6mGtQBI86qP9b-16oCkvukps_7EbCmHWiBzXor8t8w,"Baked Potatoes",Food,420,6,14,22,Ashe,157,5.32,7225,9,0,9526,322.55,0.89,2,32.00,6672,3153,1057,1042,1043,3006,3363,0,NONE,0,100,TOP,94809,22317,157,18,0.609,3,6,L,0,0,0,0,0.00,NULL,NULL,NULL,293.85,NULL,NULL,6,4,8008,8300
SG2_139851287,2,_SMIjuxpHxHjlGpzlwbdYqtFck4jk6aiHBL7IOqhOXWXxcQNXzDDuLhkaNRmuB2CnLOJXMdmFXQ0DA,illuminaty,4444,420,10,16,77,Udyr,224,7.58,12608,5,2,14517,491.55,3.40,7,68.00,3074,3009,3181,2520,3065,NULL,3364,148,NONE,2,100,JUNGLE,271651,36430,76,40,1.354,10,3,L,1,0,0,0,0.00,NULL,NULL,NULL,551.21,NULL,NULL,11,4,8008,8400
SG2_139851287,3,jFDk_0gKhueGiK4pUyCPYsA9UcOfo-GsmLMiM5r-8ZvZlSKEDIVA3QoQC7HA5I71xfBN6kj9YPXiMw,Nasir,0808,420,4,15,55,Katarina,186,6.30,6112,6,0,14179,480.10,3.17,15,76.00,3100,3175,3041,3157,1058,4645,3363,0,SOLO,2,100,MIDDLE,175909,20536,186,18,0.609,1,12,L,0,0,0,0,0.00,NULL,NULL,NULL,1021.39,NULL,NULL,4,14,8112,8000
SG2_139851287,4,1BckTIFBoBQEou5_jXfY3wGHRBdY9q6ea-YB6DF-D0XebchthNPqPhkqAkI4j-oPVFcorDa8oNOJ7w,SystemGs,Goat,420,2,14,81,Ezreal,223,7.55,4864,11,0,10290,348.42,0.18,0,8.00,1055,3078,3042,3133,1037,NULL,3340,0,CARRY,0,100,BOTTOM,136909,31685,223,17,0.576,2,7,L,0,0,0,0,0.00,NULL,NULL,NULL,674.48,NULL,NULL,21,4,8008,8300
SG2_139851287,5,-7QwiyH9oLrKB28wdssGpLcYvKsQ2GeCv8hgIWb023qFxHBrDZKgExQZG8B2pGI-AmQXWqlZsZlJ8g,"LORD OMFG",MOFU,420,7,13,147,Seraphine,46,1.56,1315,9,0,9204,311.65,0.89,1,32.00,3876,6620,3070,3116,3158,3067,3364,0,SUPPORT,1,100,UTILITY,35539,23279,46,78,2.641,9,35,L,0,0,0,0,0.00,NULL,NULL,NULL,286.21,NULL,NULL,4,7,8369,8200
SG2_139851287,6,uyS4QZDdlf-JjEspyzTVknLzIKMIS_iqa2G0Gp6dQYPoKgGm2XqBq17KZ_LfikPRUeYP0NNLBemUFQ,"Hiromi Higuruma",time,420,5,18,54,Malphite,247,8.36,11573,2,0,15356,519.95,10.00,15,50.00,3110,3100,4645,1056,3111,8020,3363,6,SOLO,4,200,TOP,186844,16587,241,20,0.677,1,9,W,0,0,0,0,0.00,NULL,NULL,NULL,967.03,NULL,NULL,12,4,8229,8400
SG2_139851287,7,Zxd5FABKyBOnH_7JEAPB4MAbeWxrFTDRjq9edeoV_qjnXJzIrAZvCuTGNgSH6fNjy-hzcsVR5AmiLg,5star,prod,420,18,17,59,JarvanIV,224,7.58,4427,6,2,14674,496.86,4.33,8,65.00,6698,NULL,3161,3111,6610,3050,3364,175,NONE,1,200,JUNGLE,305053,32539,49,32,1.084,5,8,W,0,0,0,0,0.00,NULL,NULL,NULL,817.78,NULL,NULL,4,11,8010,8300
SG2_139851287,8,kdqQCQUZH1sA8tZ-7FV8YNg4hjOUNJEi501Wfv8Xu044WTVhEOpTthJVlMs0eNx0OKpTPCbLhvnfWA,"Sobrang Latina",Babes,420,10,16,99,Lux,202,6.84,11240,10,0,11989,405.95,1.60,6,40.00,4645,4646,3118,3175,1082,NULL,3363,8,SOLO,3,200,MIDDLE,144213,20331,194,30,1.016,2,17,W,0,0,0,0,0.00,NULL,NULL,NULL,665.02,NULL,NULL,4,14,8128,8200
SG2_139851287,9,s3bPV6yDFfXeAPWGzSwhnCIj3p22tIOeJKhBcaU1zjoFARjMb3uZFC_ajtjJ0n3VsfAjeGoJGCiQ2g,badii,7639,420,10,15,202,Jhin,236,7.99,5740,5,0,14055,475.90,3.40,7,42.50,1055,3142,6676,3094,3031,NULL,3340,8,NONE,0,200,BOTTOM,174244,18571,228,21,0.711,2,10,W,1,0,0,0,0.00,NULL,NULL,NULL,626.44,NULL,NULL,4,7,8021,8300
SG2_139851287,10,CXYT8IAdkJDz53swxul3ICSc82ao_oHZ6yNseX1bPwividwOOsJLh739ARFmervUFkIgmw27X2SPCw,"i luv chinitas",xin,420,17,14,432,Bard,26,0.88,739,2,0,9731,329.49,10.50,4,52.50,3222,3190,3877,3742,NULL,3009,3364,0,SOLO,0,200,UTILITY,25560,22201,26,112,3.792,11,41,W,0,0,0,0,0.00,NULL,NULL,NULL,499.96,NULL,NULL,4,14,8112,8300
SG2_140036305,1,jo6GeEaVV_T1m7o7V4D8280LUPjkD-XLuD4kiU1xE3rs3QFvlPI5SlYTG9uBxd6YQl1gH9kA6CB1xg,"Akane Kurokawa",0511,420,15,18,6,Urgot,189,5.85,5863,8,0,12911,399.93,2.75,7,66.67,1055,3053,3047,3071,3075,1031,3340,0,NONE,3,100,TOP,163115,40728,189,26,0.805,3,10,L,0,0,0,0,0.00,NULL,NULL,NULL,1074.55,NULL,NULL,4,14,8005,8400
SG2_140036305,2,Zxd5FABKyBOnH_7JEAPB4MAbeWxrFTDRjq9edeoV_qjnXJzIrAZvCuTGNgSH6fNjy-hzcsVR5AmiLg,5star,prod,420,6,18,64,LeeSin,264,8.18,4432,5,0,16801,520.42,4.20,15,63.64,6698,6696,2019,3111,3036,6610,3340,225,NONE,1,100,JUNGLE,380584,41764,39,59,1.828,5,24,L,0,0,0,0,0.00,NULL,NULL,NULL,1258.01,NULL,NULL,4,11,8128,8300
SG2_140036305,3,-ikf__tsUv6P2YfdI8MMOPPonENtTh1ik3mehcE6JMDFAgDiuwAYQ7C6VEYwMuPkc9s5SNobrnRUBg,sacuL,uiP,420,10,17,38,Kassadin,211,6.54,7757,6,0,15683,485.79,3.17,9,57.58,3040,3089,3157,3070,3175,3118,3363,0,SOLO,1,100,MIDDLE,151928,32273,211,25,0.774,2,13,L,0,0,0,0,0.00,NULL,NULL,NULL,942.96,NULL,NULL,12,4,8369,8100
SG2_140036305,4,2s_b-zpgrrKZ8UaxUMkE1mgmLkuCR_YQDgVtb9t4QYtkFUXx7cIzW7CCz-HA-k9BfVGKuxZUE46KEQ,"NAISU GEIMU",8052,420,11,15,21,MissFortune,265,8.21,9895,6,0,14571,451.35,2.00,1,36.36,1055,3035,3046,3072,6670,3031,3363,8,CARRY,0,100,BOTTOM,183456,18643,257,17,0.527,2,10,L,1,0,0,0,0.00,NULL,NULL,NULL,684.60,NULL,NULL,21,4,8369,8000
SG2_140036305,5,AVNqwhg7EhgtHr13Jx22trE2-2IanZxMoSEqArz2-krjeJAkLdsJRND8PG_uEwdY5xzWKit_LbC4Sg,Cloud,CLD4,420,18,13,37,Sona,13,0.40,6284,6,0,8952,277.29,3.17,1,57.58,3009,6620,2530,6617,3877,NULL,3364,0,SUPPORT,0,100,UTILITY,30093,25692,13,85,2.633,3,36,L,0,0,0,0,0.00,NULL,NULL,NULL,328.25,NULL,NULL,7,4,8214,8000
SG2_140036305,6,E0WUS3gKYAbxiOVb9fab_iX97kcNlFEMw0JtgpfCkQgtmpA7cKMUGH12QtjP6m915zv_jbObqlxX6g,Tano,Hkdg,420,6,19,122,Darius,245,7.59,13384,7,1,15797,489.32,2.00,8,45.16,6333,3078,3161,4401,1036,3047,3340,8,SOLO,3,200,TOP,191769,39246,237,27,0.836,0,13,W,0,0,0,0,0.00,NULL,NULL,NULL,856.06,NULL,NULL,4,6,8010,8400
SG2_140036305,7,2L4oe_WGmXoiPd2OeM6Tkwd2vfRaOVR0eGTNlc1ZUTAlra161-DKLuiYazJsUzDxITu9uJxTGIIfhQ,"Magdalena Bay",mgbay,420,17,18,106,Volibear,256,7.93,4916,5,3,16317,505.43,4.60,6,74.19,2510,3047,6675,3065,3742,3082,3364,212,NONE,2,200,JUNGLE,350887,38951,44,20,0.620,6,2,W,1,0,0,0,0.00,NULL,NULL,NULL,861.43,NULL,NULL,4,11,8008,8300
SG2_140036305,8,2llYP0bVWMZ0VYHb9h-QBfYxhj6kDAdBxHgaGjlph1zQxG7c_IhISh0Eftr4D4sjyz5SwYjhkfiSrw,"Auslow S",POPZ,420,10,17,157,Yasuo,221,6.85,10190,11,0,12908,399.83,1.45,6,51.61,1029,3153,3172,1029,3091,3031,3363,0,SOLO,2,200,MIDDLE,163410,43615,221,23,0.712,2,10,W,0,0,0,0,0.00,NULL,NULL,NULL,1047.21,NULL,NULL,4,12,8008,8400
SG2_140036305,9,RTWej61_dS8eacU8xTUqk-jNHrgSoXZ56Xj8Ecx7lxqlE6pNJy8qT-egfJFulDnpOHSzKt7dyt6F_w,Capoo,1698,420,10,17,145,Kaisa,266,8.24,10142,4,0,17669,547.31,4.75,9,61.29,1055,6672,2421,3115,3124,4645,3363,16,CARRY,0,200,BOTTOM,207686,20528,250,24,0.743,8,8,W,0,0,0,0,0.00,NULL,NULL,NULL,961.42,NULL,NULL,4,21,8008,8300
SG2_140036305,10,tPPbUMiUqFeI_1T6gTOnZx-wtzdSk46z79X3xM6_3MhOQF86JWMHlvW2Zv1djcSohzr5To1GI48xlw,colourdad,photo,420,17,16,98,Shen,80,2.48,2774,6,1,10416,322.64,3.17,2,61.29,3877,3190,3047,3076,3084,3082,3364,4,SUPPORT,0,200,UTILITY,51326,30990,76,92,2.850,14,31,W,0,0,0,0,0.00,NULL,NULL,NULL,351.96,NULL,NULL,14,4,8465,8300
SG2_140042785,1,MamxfG9LZm8Sg6OuYcW2Ip0T_HF7rPMd7vYWu-jbd6hhw4qUWfzzwkL2dFiiWR5jaVPbIi7LjPi3qg,Bestsupeversmurf,SG2,420,3,18,420,Illaoi,264,8.36,4698,8,0,12399,392.58,1.13,6,23.08,1054,3071,3047,6662,3065,3076,3340,1,NONE,4,100,TOP,204725,45277,263,32,1.013,0,13,L,0,0,0,0,0.00,NULL,NULL,NULL,1054.52,NULL,NULL,3,4,8010,8400
SG2_140042785,2,Zxd5FABKyBOnH_7JEAPB4MAbeWxrFTDRjq9edeoV_qjnXJzIrAZvCuTGNgSH6fNjy-hzcsVR5AmiLg,5star,prod,420,6,17,62,MonkeyKing,215,6.81,0,6,1,15417,488.14,2.33,8,35.90,6610,3078,6333,3026,3047,3067,3364,163,NONE,1,100,JUNGLE,261089,37691,52,36,1.140,7,6,L,0,0,0,0,0.00,NULL,NULL,NULL,729.96,NULL,NULL,4,11,8010,8300
SG2_140042785,3,HXVK00EWr7xAJ47kcsQHF7gm5S8HKahn2eNGhvRA_mhAh2NrLi6RHd30YFsINgsUvdGy8IMn6jmkHw,"ma ano ulam",1213,420,5,16,90,Malzahar,163,5.16,364,13,0,9211,291.64,0.54,2,17.95,3147,2503,3116,2508,3171,NULL,3340,11,SOLO,1,100,MIDDLE,116633,26895,152,41,1.298,5,16,L,0,0,0,0,0.00,NULL,NULL,NULL,347.53,NULL,NULL,14,4,8229,8300
SG2_140042785,4,Cqm_ivwVKpHKXEGHHXgCiBUr8fruSFc2vI8H_HGGHQUZNkYZRY5TFESRZeSjMuoLPAanwQ-VcpBnzQ,卡了不然全莎,OvO,420,10,17,498,Xayah,284,8.99,13492,8,0,21294,674.22,3.75,20,76.92,6694,3508,3139,2523,6675,3031,3363,19,CARRY,2,100,BOTTOM,306073,39486,265,12,0.380,2,9,L,0,0,0,0,0.00,NULL,NULL,NULL,1701.42,NULL,NULL,4,21,8008,8300
SG2_140042785,5,0DD7o67j6_MAI2lgoJHBmlx2YrWaDlo9Pv2gPvRFoeb2Hwfdub0fbUXYqhzqRm3hx-OCVAQI6DNFfA,钮祜禄麦克雷,mccre,420,24,15,267,Nami,21,0.66,3408,6,0,10672,337.90,4.50,3,69.23,3871,3190,2420,6617,3158,4005,3364,4,SUPPORT,0,100,UTILITY,29161,20838,17,73,2.311,3,30,L,1,0,0,0,0.00,NULL,NULL,NULL,347.25,NULL,NULL,7,4,8112,8200
SG2_140042785,6,jo6GeEaVV_T1m7o7V4D8280LUPjkD-XLuD4kiU1xE3rs3QFvlPI5SlYTG9uBxd6YQl1gH9kA6CB1xg,"Akane Kurokawa",0511,420,8,18,114,Fiora,273,8.64,7675,5,0,14157,448.24,2.80,6,34.15,3074,3078,6333,1055,3047,1036,3340,4,NONE,2,200,TOP,242790,46208,269,25,0.792,4,10,W,0,0,0,0,0.00,NULL,NULL,NULL,1169.88,NULL,NULL,4,14,8010,8400
SG2_140042785,7,cYb9RNmg2xN8wJZxiuVgwGCsw8WX28s1EtFzTkXehBEZcxd24atiub3nf-b2UUxYHV3j12FmJy6tHw,seven,hanna,420,4,18,234,Viego,229,7.25,4789,7,4,18487,585.34,2.57,14,43.90,6676,3026,6672,1001,3036,3031,3340,206,NONE,4,200,JUNGLE,327349,39326,23,31,0.982,1,12,W,0,0,0,0,0.00,NULL,NULL,NULL,1015.14,NULL,NULL,4,11,8010,8300
SG2_140042785,8,-ikf__tsUv6P2YfdI8MMOPPonENtTh1ik3mehcE6JMDFAgDiuwAYQ7C6VEYwMuPkc9s5SNobrnRUBg,sacuL,uiP,420,6,18,105,Fizz,237,7.50,19102,5,0,17933,567.80,5.00,19,60.98,3175,1058,3157,3089,3100,4645,3363,8,DUO,8,200,MIDDLE,211895,27590,229,26,0.823,2,12,W,0,0,0,0,0.00,NULL,NULL,NULL,1142.02,NULL,NULL,14,4,8112,8000
SG2_140042785,9,124uFYAA5cXF9sxUZgt3em273nxKfVYqd0EfJYKQafSSr6XBxHKJHxM7iwctFhy91YGmBnuLxZF7ZA,"king of bulbul",SKT1,420,8,16,222,Jinx,236,7.47,13600,14,0,13224,418.70,0.64,1,21.95,3031,6670,3032,3085,1036,1036,3363,4,DUO,0,200,BOTTOM,192852,30947,232,4,0.127,1,4,W,0,0,0,0,0.00,NULL,NULL,NULL,480.39,NULL,NULL,4,6,8008,8200
SG2_140042785,10,AVNqwhg7EhgtHr13Jx22trE2-2IanZxMoSEqArz2-krjeJAkLdsJRND8PG_uEwdY5xzWKit_LbC4Sg,Cloud,CLD4,420,20,15,432,Bard,27,0.85,0,8,0,9413,298.04,2.63,1,51.22,3009,2524,3190,3877,3107,NULL,3364,0,SOLO,0,200,UTILITY,28043,25514,27,90,2.850,8,31,W,0,0,0,0,0.00,NULL,NULL,NULL,467.78,NULL,NULL,14,4,8112,8200
SG2_140109218,1,jo6GeEaVV_T1m7o7V4D8280LUPjkD-XLuD4kiU1xE3rs3QFvlPI5SlYTG9uBxd6YQl1gH9kA6CB1xg,"Akane Kurokawa",0511,420,1,17,39,Irelia,250,7.68,9823,10,0,12360,379.72,0.60,5,19.35,1055,6333,3111,3153,3181,NULL,3340,8,SOLO,1,100,TOP,192323,34359,242,25,0.768,0,10,W,0,0,0,0,0.00,NULL,NULL,NULL,508.93,NULL,NULL,4,14,8010,8300
SG2_140109218,2,nIHHb4kd3zuzI2G5YQMO1vM01mHMwqmgjUPJ7KpO89fqyId3sbLDy596WID9LPKll-cBVESy0mqVmw,RuthlessAtreus,143,420,9,16,80,Pantheon,188,5.78,2136,4,0,11986,368.23,2.75,2,35.48,3071,6609,3134,2422,6610,1036,3364,150,NONE,0,100,JUNGLE,229789,27685,38,24,0.737,5,4,W,0,0,0,0,0.00,NULL,NULL,NULL,491.73,NULL,NULL,11,4,8005,8300
SG2_140109218,3,EZJc0qB-lz1hVm5YZCvfWXS6xoHUV2zMOhS1_tYZs_pvMh8nRAnnT3eg8D0imBfkdTY18WUgYJo9FQ,WinterPickle,pick,420,9,18,38,Kassadin,212,6.51,2748,5,0,17370,533.64,3.80,10,61.29,3171,3040,3157,6657,3118,3137,3363,0,SOLO,2,100,MIDDLE,200900,41947,212,30,0.922,4,14,W,0,0,0,0,0.00,NULL,NULL,NULL,1620.78,NULL,NULL,12,4,8369,8100
SG2_140109218,4,Jn7JUf1U3pOUfUzsJz-pbmmR3OmDwIeNeEgn3ep_2UuXJ2J6qHC4y3nqn3h9bdYjr__w8J-fyxoLFg,meiji,milkk,420,11,18,45,Veigar,316,9.71,13732,6,0,19479,598.43,3.50,10,67.74,3157,3089,3137,1082,6657,4645,3363,17,CARRY,0,100,BOTTOM,342607,24592,299,22,0.676,1,9,W,1,0,0,0,0.00,NULL,NULL,NULL,1200.90,NULL,NULL,4,12,8214,8300
SG2_140109218,5,Fx8pQa2shBbU0Jev3Kliyga8uYUUiPQJva9xAB8MtRSYCzpFtJ4DleGazGIRq92-eq9CB9TSZhuCFw,"Feng Nuxi",AD1,420,20,15,43,Karma,49,1.51,1779,6,0,11243,345.41,4.00,4,77.42,3870,3107,1026,3158,6617,6616,3364,0,SUPPORT,1,100,UTILITY,47035,22801,49,93,2.857,13,38,W,0,0,0,0,0.00,NULL,NULL,NULL,481.04,NULL,NULL,4,7,8214,8400
SG2_140109218,6,opLQN5QptfkaiRcJJc3VfmuCFtWLZftPdf5o1nqRnr2FEqDXSiMvofbTLciUiLw9FgtAESIUPWxZzg,ชอบดมเกงในสาวSGM,SGM,420,2,19,24,Jax,286,8.79,17068,6,0,16156,496.34,2.00,10,38.71,2021,3157,3091,3111,6610,3078,3340,12,NONE,6,200,TOP,231236,37239,274,29,0.891,4,9,L,0,0,0,0,0.00,NULL,NULL,NULL,986.74,NULL,NULL,4,14,8437,8300
SG2_140109218,7,cYb9RNmg2xN8wJZxiuVgwGCsw8WX28s1EtFzTkXehBEZcxd24atiub3nf-b2UUxYHV3j12FmJy6tHw,seven,hanna,420,8,17,517,Sylas,257,7.90,2259,6,4,16555,508.60,2.83,9,54.84,6653,3152,2421,3158,8010,4633,3340,231,NONE,1,200,JUNGLE,349844,53027,26,27,0.829,1,11,L,1,0,0,0,0.00,NULL,NULL,NULL,698.17,NULL,NULL,4,11,8010,8300
SG2_140109218,8,yxpCLsG640EBGKtxo2ZXqjaS_ssWoxj_qddilmUO5FemG3K6w3UztBA1dlfYuwFAYZ_6boDA__dIkw,Sooshi,8401,420,8,16,10,Kayle,206,6.33,7014,6,0,13597,417.73,2.50,7,48.39,3170,3115,3089,2510,1058,3145,3363,8,SOLO,0,200,MIDDLE,154706,34067,198,13,0.399,2,10,L,0,0,0,0,0.00,NULL,NULL,NULL,813.05,NULL,NULL,4,12,8005,8200
SG2_140109218,9,Zxd5FABKyBOnH_7JEAPB4MAbeWxrFTDRjq9edeoV_qjnXJzIrAZvCuTGNgSH6fNjy-hzcsVR5AmiLg,5star,prod,420,9,15,81,Ezreal,234,7.19,6175,6,0,13219,406.11,2.17,4,41.94,3078,3042,3161,3035,1055,1036,3363,10,CARRY,0,200,BOTTOM,194384,29760,224,19,0.584,2,7,L,0,0,0,0,0.00,NULL,NULL,NULL,1026.27,NULL,NULL,4,21,8005,8300
SG2_140109218,10,D4-hrPXZHBd9505t9PiSqJMXT80D2XvxbXlz9R24cF10Jd1wW1H6lJ73eSOV86mu7uwSDd0qrRbKpw,Glep,frown,420,13,13,111,Nautilus,44,1.35,5550,7,0,9267,284.70,2.00,1,45.16,3869,3190,3114,2525,3111,3108,3364,0,SUPPORT,0,200,UTILITY,36701,28668,44,125,3.840,9,54,L,0,0,0,0,0.00,NULL,NULL,NULL,341.95,NULL,NULL,4,3,8439,8300
SG2_140895204,1,-OQExgKBEjD0Y1LeU6Y6ol6Sp1WdTqHPQBHbmVbwhUEb90Y_Y5elqWIKiZF34JiDCkWJ0tvrw7S14Q,Zig,Tnz,420,4,16,14,Sion,232,9.21,7691,5,0,11105,440.67,1.60,4,33.33,3068,1001,3748,2502,3076,1029,3340,4,NONE,2,100,TOP,149282,37574,228,15,0.595,0,8,L,0,0,0,0,0.00,NULL,NULL,NULL,942.01,NULL,NULL,4,12,8437,8300
SG2_140895204,2,dG2IYfHDjf0nRSByQdVIxFEfdOzRYM2_7ABtjPYb9h-BLF-D-c2z64oyoP-oqUokJ0kwU3VIkZgRiw,Rin,blue1,420,3,12,107,Rengar,137,5.44,2257,9,0,9337,370.52,0.67,3,25.00,3142,6698,3134,1036,1001,2055,3364,122,NONE,0,100,JUNGLE,151330,27455,15,26,1.032,3,6,L,0,0,0,0,0.00,NULL,NULL,NULL,434.38,NULL,NULL,11,4,8010,8100
SG2_140895204,3,FN9ntMny8S8ipzLP10mW3XbS9l0MZ--_p5WeGTfbgTox5h_PN8QRfqEItPhMv3cT-mAcN-o3f2POjg,"boosted team",fun,420,0,14,13,Ryze,183,7.26,3608,11,0,9643,382.66,0.45,5,20.83,1056,1026,3802,3040,6657,3173,3364,4,SOLO,1,100,MIDDLE,137035,31043,179,11,0.437,2,6,L,0,0,0,0,0.00,NULL,NULL,NULL,727.38,NULL,NULL,12,4,8230,8400
SG2_140895204,4,YR8XCWHTS1kp8Ve7xmPkd77I4zitbMbeczrYQAgemAWPoNxzCDnX8UJK1m7VJcYU9JQNMblui8Sx1A,"Katniss Everdeen",44444,420,4,13,119,Draven,160,6.35,3335,16,0,12370,490.87,0.88,10,58.33,1055,3031,6697,3123,2523,1036,3363,4,CARRY,1,100,BOTTOM,128798,27033,156,22,0.873,8,9,L,0,0,0,0,0.00,NULL,NULL,NULL,1127.36,NULL,NULL,4,21,8008,8300
SG2_140895204,5,ZBrv-8am6wD6vy8EQOezOdafiHq5jcA6qOt3qn1PiOgSvNyMf2h-NNtRWRYpfu5VEagn3f9FcSHKzg,Faqeouh,waco,420,14,11,526,Rell,26,1.03,0,14,0,7614,302.14,1.14,2,66.67,3190,3047,3109,3869,2022,1028,3364,0,SUPPORT,0,100,UTILITY,14801,31986,26,74,2.937,4,39,L,0,0,0,0,0.00,NULL,NULL,NULL,231.85,NULL,NULL,4,3,8351,8400
SG2_140895204,6,LALMUe3fdzTK3TvwGXA4sVATR08ZZ55w5rElZp2Rd0I3x03vZjd5e-uwqu8uxCcBis0GgNMCBJSliw,Superstar,trid,420,8,16,266,Aatrox,203,8.06,6958,3,0,10339,410.28,3.33,2,18.18,1055,3071,6610,3047,2019,1036,3363,0,NONE,0,200,TOP,146197,31125,203,14,0.556,0,7,W,0,0,0,0,0.00,NULL,NULL,NULL,721.62,NULL,NULL,12,4,8010,8400
SG2_140895204,7,Zxd5FABKyBOnH_7JEAPB4MAbeWxrFTDRjq9edeoV_qjnXJzIrAZvCuTGNgSH6fNjy-hzcsVR5AmiLg,5star,prod,420,12,17,64,LeeSin,216,8.57,10213,3,2,14550,577.38,9.00,15,49.09,6698,6697,3134,3047,1037,3814,3340,166,NONE,5,200,JUNGLE,287865,24514,50,38,1.508,0,20,W,1,0,0,0,0.00,NULL,NULL,NULL,1177.24,NULL,NULL,4,11,8128,8300
SG2_140895204,8,GR_CX-T2Idbier4sy0tfHR8nsP1h772Q-X4Rbvy_2SaQvccBAO37NfQfF9QecHY62GM7tdPkCQXgkQ,"Grilled Pork",0305,420,11,16,517,Sylas,167,6.63,11980,5,0,15020,596.03,6.80,23,61.82,3089,3152,4645,3175,3041,4630,3340,8,SOLO,7,200,MIDDLE,161915,29577,159,26,1.032,1,15,W,0,0,0,0,0.00,NULL,NULL,NULL,1713.82,NULL,NULL,14,4,8112,8200
SG2_140895204,9,Reut4WbXug6pKaB6DG-qHGM7q82AcTn6cf3HPRwja1q_F_8L_TaV_iseVRI3O4BH5xaBwzNnJN6l5g,AnimalPlanet,123,420,14,15,236,Lucian,179,7.10,12028,5,0,14428,572.54,5.60,14,50.91,3508,3031,6675,1083,1036,1036,3363,8,CARRY,4,200,BOTTOM,153504,20474,171,27,1.071,2,10,W,0,0,0,0,0.00,NULL,NULL,NULL,1385.97,NULL,NULL,4,21,8005,8200
SG2_140895204,10,ceOBye8K6wVzSjBaAA7hZkuJskVGkpnAK8WKsiNIb4EuWRm6bLtf5DGSjMQe5cNpLOuMbslK9SZhbg,blur,natly,420,33,13,412,Thresh,27,1.07,2519,8,0,9007,357.42,4.25,1,61.82,3876,3190,3109,3009,3108,3114,3364,0,SUPPORT,0,200,UTILITY,16908,23186,27,68,2.698,14,25,W,0,0,0,0,0.00,NULL,NULL,NULL,339.77,NULL,NULL,3,4,8465,8300
SG2_140898277,1,ZS9WD-bFyDI7o-THP3EenaPuJlgD0PgKfwvyqXINzaYStRDaAtV-T2pHrUJOmxnJ7VWDSGV8038Pgg,Felixtoti,KAID,420,9,16,98,Shen,181,6.29,334,6,0,10205,354.55,2.17,4,54.17,3068,3047,3076,1054,2502,3066,3363,0,NONE,2,100,TOP,104394,35773,181,23,0.799,0,11,L,0,0,0,0,0.00,NULL,NULL,NULL,568.14,NULL,NULL,12,4,8437,8100
SG2_140898277,2,ZtZBhDxQ3ZlcYZMK9FoTPRSAS3GHxX-H6eE4i9Z8m1iajINJoPIAwuffJFGA3S_be6pyaZdRS9iSyw,Dromi,Luna,420,6,15,203,Kindred,181,6.29,750,10,0,12684,440.67,1.50,9,62.50,2523,6672,3047,3031,1036,NULL,3364,135,NONE,1,100,JUNGLE,219004,30454,46,24,0.834,6,2,L,0,0,0,0,0.00,NULL,NULL,NULL,883.15,NULL,NULL,11,4,8005,8100
SG2_140898277,3,PkaISbT1V2i98Sfk-EEn2d4PDA9Ooywh63XW4sj7VPzRfhsXqaRtpLTqEYXFjQQVUrKnjpVYUOeiyg,Ravonen11,11111,420,6,16,63,Brand,189,6.57,1600,7,0,10176,353.54,1.43,4,41.67,2031,6653,2421,1058,3116,3171,3363,0,SOLO,1,100,MIDDLE,135710,28402,189,25,0.869,1,13,L,0,0,0,0,0.00,NULL,NULL,NULL,894.94,NULL,NULL,4,21,8229,8400
SG2_140898277,4,Reut4WbXug6pKaB6DG-qHGM7q82AcTn6cf3HPRwja1q_F_8L_TaV_iseVRI3O4BH5xaBwzNnJN6l5g,AnimalPlanet,123,420,4,15,18,Tristana,263,9.14,6032,5,0,14903,517.76,2.00,6,41.67,6672,6675,3031,3072,1036,1042,3363,0,CARRY,1,100,BOTTOM,159218,21415,263,19,0.660,2,10,L,0,0,0,0,0.00,NULL,NULL,NULL,736.70,NULL,NULL,4,21,8005,8100
SG2_140898277,5,L_Ik2LewFxNl8cXbtYXXgKyabLD-gkF1zGiUdt06ODN5QAapF_uQyVId8_o2uNERnTB68qyTyuRlVA,PermaBanned,CBA,420,6,13,518,Neeko,57,1.98,711,5,1,7285,253.10,1.40,1,29.17,3871,2421,3152,2010,1058,3158,3364,4,SUPPORT,0,100,UTILITY,47641,17303,53,45,1.563,3,23,L,0,0,0,0,0.00,NULL,NULL,NULL,402.70,NULL,NULL,4,7,8229,8300
SG2_140898277,6,LALMUe3fdzTK3TvwGXA4sVATR08ZZ55w5rElZp2Rd0I3x03vZjd5e-uwqu8uxCcBis0GgNMCBJSliw,Superstar,trid,420,2,17,39,Irelia,245,8.51,17278,6,0,14632,508.35,1.50,7,27.27,3153,6672,6333,3181,3047,NULL,3363,6,SOLO,6,200,TOP,211414,37939,239,16,0.556,2,7,W,0,0,0,0,0.00,NULL,NULL,NULL,902.58,NULL,NULL,12,4,8010,8300
SG2_140898277,7,Zxd5FABKyBOnH_7JEAPB4MAbeWxrFTDRjq9edeoV_qjnXJzIrAZvCuTGNgSH6fNjy-hzcsVR5AmiLg,5star,prod,420,5,17,887,Gwen,234,8.13,4305,6,1,13466,467.84,2.00,7,36.36,4633,2510,4645,1082,3158,1052,3364,200,NONE,1,200,JUNGLE,305352,35496,34,17,0.591,2,4,W,1,0,0,0,0.00,NULL,NULL,NULL,652.44,NULL,NULL,6,11,8010,8300
SG2_140898277,8,MDDH2VXfHSEzLrfuUh8k_WdYPQdAnjOaaVLq1wMh5SE-R3HhIEISInfaLZuZkk0RW3-1qvCIJer7CA,Najieee,PH2,420,6,17,238,Zed,192,6.67,6911,5,0,12657,439.73,2.60,7,39.39,1054,6699,3035,3171,2520,3133,3364,8,SOLO,3,200,MIDDLE,144807,25052,184,29,1.008,3,8,W,0,0,0,0,0.00,NULL,NULL,NULL,854.81,NULL,NULL,14,4,8112,8200
SG2_140898277,9,XtJ_pAdPh04JMtvQv_6e7bTX6iXSls-owPBKG2nXCGZR3RKvTBmDbMuCTg6y8iI-K1vKjtbV7yDE9w,"GOD kinki",EXEX,420,4,16,804,Yunara,243,8.44,9408,7,1,15951,554.17,2.00,10,42.42,1055,6672,2512,3031,3036,3086,3363,10,CARRY,2,200,BOTTOM,203830,29371,233,9,0.313,0,6,W,0,0,0,0,0.00,NULL,NULL,NULL,1401.10,NULL,NULL,21,4,8008,8300
SG2_140898277,10,ekgBDDF1YBnNwBTKjnIFwRH1zjmQnEGO-Y8qnmb_ONDanbUBdE0ZrEbvOLl1hyMzw9CiPAgX8MBbRQ,Pawn,SEA,420,15,15,902,Milio,35,1.22,831,0,0,9656,335.47,17.00,2,51.52,3107,1004,3870,2530,6620,3158,3364,0,SUPPORT,2,200,UTILITY,21074,12925,35,101,3.509,14,34,W,0,0,0,0,0.00,NULL,NULL,NULL,220.94,NULL,NULL,4,7,8214,8400
SG2_141310936,1,dctm9QQZAop-tC7RhHRQduW_9s4bLtamCVGLAjVW41F62eOQ89kALiupbTL70HGeOEB9LBQE5ig3Xg,YukikazeKai,0713,420,13,18,68,Rumble,198,6.37,5802,9,1,13656,439.57,2.44,9,56.41,8010,3157,1058,6653,1058,3020,3364,12,SOLO,3,100,TOP,155717,38335,186,37,1.191,7,9,W,0,0,0,0,0.00,NULL,NULL,NULL,1098.93,NULL,NULL,14,4,8229,8100
SG2_141310936,2,FN9ntMny8S8ipzLP10mW3XbS9l0MZ--_p5WeGTfbgTox5h_PN8QRfqEItPhMv3cT-mAcN-o3f2POjg,"boosted team",fun,420,14,17,254,Vi,215,6.92,4669,2,2,14705,473.34,11.00,8,56.41,2055,1038,3053,3071,6610,3047,3364,188,NONE,0,100,JUNGLE,280004,36429,27,40,1.288,6,8,W,1,0,0,0,0.00,NULL,NULL,NULL,649.43,NULL,NULL,11,4,8010,8300
SG2_141310936,3,54S5DmXPTjSrhScXPe9tHv1208VxBXgV_KWKE5id1-rN0Eky_soS9eLmMcf3V7pB0irJU48vK5PITQ,howlkid,VION,420,8,18,13,Ryze,300,9.66,11034,4,0,15205,489.43,4.00,8,41.03,3157,2522,3040,6657,1058,3170,3363,25,SOLO,0,100,MIDDLE,264800,26089,275,35,1.127,9,10,W,0,0,0,0,0.00,NULL,NULL,NULL,816.25,NULL,NULL,4,12,8230,8400
SG2_141310936,4,AVVnOCWuq8C2TNpIT7hhVQpJZqTERQ3AAbhLUVxo7DSTFs9ig8ktQ5J548XRuQXUtnh_VEDbxy0V5g,TyChu,1116,420,9,16,81,Ezreal,270,8.69,13664,6,0,15598,502.08,2.50,6,38.46,3078,2517,3161,3042,1055,1036,3363,0,CARRY,0,100,BOTTOM,211719,28315,270,16,0.515,2,7,W,0,0,0,0,0.00,NULL,NULL,NULL,1016.30,NULL,NULL,21,4,8008,8300
SG2_141310936,5,G7dnhsEJ9Lvj3aGyMvqUyDyD-jE8PWVF3TDeaQ0TaUFYPSwW7fACFMMtxY5-Seqx12rLf2gWQcikBg,NisuNxss,Zifna,420,20,15,235,Senna,41,1.32,5288,4,1,12349,397.50,7.00,8,71.79,6620,3071,3877,3085,3123,3009,3364,4,SUPPORT,1,100,UTILITY,77558,27485,37,87,2.800,8,38,W,0,0,0,0,0.00,NULL,NULL,NULL,984.24,NULL,NULL,7,4,8437,8000
SG2_141310936,6,I0djZ9aexojTQI4075UMfkpmyKdURb9RnMWrW4QtoiZRplLW9kPum89jrfHhaINpfp4fitGyQYrNXQ,Haimehen,41yk,420,5,16,266,Aatrox,209,6.73,4373,6,0,11111,357.65,1.33,3,32.00,1054,6610,3155,6699,3111,2019,3363,4,SOLO,2,200,TOP,174644,42093,205,23,0.740,1,9,L,0,0,0,0,0.00,NULL,NULL,NULL,759.89,NULL,NULL,14,4,8010,8400
SG2_141310936,7,Zxd5FABKyBOnH_7JEAPB4MAbeWxrFTDRjq9edeoV_qjnXJzIrAZvCuTGNgSH6fNjy-hzcsVR5AmiLg,5star,prod,420,10,14,59,JarvanIV,160,5.15,2975,8,0,11634,374.48,2.00,6,64.00,6698,6610,2055,1028,3047,3071,3364,144,NONE,0,200,JUNGLE,209380,38103,16,31,0.998,6,8,L,0,0,0,0,0.00,NULL,NULL,NULL,771.64,NULL,NULL,4,11,8010,8300
SG2_141310936,8,vehwZ8hhIqqPuR4miNgoZsZyyP2-GblkQav2D82dAWs16P8Lb-w7MUy2IDvqq5MN_tdWOSMhT_7NBQ,Lynx,2nd,420,6,16,910,Hwei,253,8.14,1890,4,0,11710,376.93,2.50,4,40.00,6653,2503,3040,4630,1052,3171,3363,2,SOLO,0,200,MIDDLE,182842,24265,251,23,0.740,2,10,L,0,0,0,0,0.00,NULL,NULL,NULL,1201.79,NULL,NULL,12,4,8229,8000
SG2_141310936,9,S2BT1q1QfNUwWuVj0OjCy7vtNV-3N8dHC07K-kYBGbzthRuT0XTqQvbZPC7SWR6-daY21izUOIHzTw,halfhalf,half,420,6,15,42,Corki,218,7.02,4179,10,0,16908,544.25,1.80,12,72.00,1038,3094,3508,3031,3033,2019,3363,11,CARRY,2,200,BOTTOM,187280,27034,207,23,0.740,2,8,L,0,0,0,0,0.00,NULL,NULL,NULL,1092.89,NULL,NULL,4,21,8010,8300
SG2_141310936,10,uyAfGaQFA5EGNizoGW-ReA-1bKtIEwfqBziN7oTR0VyCxYeh1KmhH7tK2iNPaGlun63PcWTZM9B4UQ,UnderwhereHero,kcy,420,13,13,412,Thresh,34,1.09,1200,11,0,7793,250.85,1.18,0,52.00,3869,3190,2524,3009,NULL,NULL,3364,0,SUPPORT,0,200,UTILITY,19207,32116,34,90,2.897,8,36,L,0,0,0,0,0.00,NULL,NULL,NULL,250.39,NULL,NULL,7,4,8351,8400
